Rank,Player Name,Deck Name,Match Record,Game Record,Points,OMW%,TGW%,OGW%,Player Profile Name,Player Profile URL,Decklist URL,Match Total,Location
1,1,DodSeth99,Golgari Yawgmoth,"[5, 0, 0]","[10, 1, 0]",15,61.0,90.90909,50.95238,DodSeth99,https://melee.gg/Profile/Index/DodSeth99,https://melee.gg/Decklist/View/fea5b0b2-40f3-4b2b-bb29-b37800ffe520,5.0,lcq_houston_10_17_2025
2,2,Dean Mobley,Mono-Green Amulet Titan,"[5, 0, 0]","[10, 1, 0]",15,61.0,90.90909,50.40293,Mithral,https://melee.gg/Profile/Index/Mithral,https://melee.gg/Decklist/View/8957fe4e-c999-4547-a9a5-b37900579840,5.0,lcq_houston_10_17_2025
3,3,Austin Clark,Izzet Prowess,"[5, 0, 0]","[10, 2, 0]",15,61.0,83.33333,56.28571,auzzie51,https://melee.gg/Profile/Index/auzzie51,https://melee.gg/Decklist/View/18aba86a-d444-4790-973e-b37900723968,5.0,lcq_houston_10_17_2025
4,4,Matthew Gallup,Simic Neoform,"[5, 0, 0]","[10, 2, 0]",15,61.0,83.33333,55.66667,Sasajiro,https://melee.gg/Profile/Index/Sasajiro,https://melee.gg/Decklist/View/abff45b5-5170-4b71-bb98-b37900cca93e,5.0,lcq_houston_10_17_2025
5,5,TeaComfy,Mono-Green Amulet Titan,"[4, 1, 0]","[9, 3, 0]",12,65.0,75.0,53.33333,TeaComfy,https://melee.gg/Profile/Index/TeaComfy,https://melee.gg/Decklist/View/06c04044-50ff-4a73-be20-b379003abece,5.0,lcq_houston_10_17_2025
6,6,Alex Poon,Azorius (Kaheera),"[4, 1, 0]","[9, 5, 0]",12,65.0,64.28571,63.1342,Eclipse4343,https://melee.gg/Profile/Index/Eclipse4343,https://melee.gg/Decklist/View/3442f299-ded6-4b73-b93a-b379005524bf,5.0,lcq_houston_10_17_2025
7,7,edwardeng,Izzet,"[4, 1, 0]","[9, 5, 0]",12,65.0,64.28571,57.48918,edwardeng,https://melee.gg/Profile/Index/edwardeng,https://melee.gg/Decklist/View/feaec0a7-3e73-4610-b2c9-b37900eb6b38,5.0,lcq_houston_10_17_2025
8,8,Bart Hurley,W-U-B-G Goryo's Vengeance,"[4, 1, 0]","[8, 5, 0]",12,65.0,61.53846,60.68687,Bartmam0283,https://melee.gg/Profile/Index/Bartmam0283,https://melee.gg/Decklist/View/176db8ec-2c6b-426b-8e71-b37900302d10,5.0,lcq_houston_10_17_2025
9,9,Spencer Asral,Colorless Eldrazi,"[3, 1, 0]","[6, 4, 0]",9,65.55556,60.0,62.5,SpencerA,https://melee.gg/Profile/Index/SpencerA,https://melee.gg/Decklist/View/b9d04b71-5b8e-4713-a0e1-b379003731f4,4.0,lcq_houston_10_17_2025
10,10,eXoticbRead,Gruul Eldrazi,"[3, 1, 0]","[6, 3, 0]",9,62.5,66.66667,55.95238,eXoticbRead,https://melee.gg/Profile/Index/eXoticbRead,https://melee.gg/Decklist/View/d80f7fe0-aad5-42de-9654-b37900eb6d15,4.0,lcq_houston_10_17_2025
11,11,Ryan Kerr,Colorless,"[3, 1, 0]","[6, 4, 0]",9,62.5,60.0,61.41775,kewentian,https://melee.gg/Profile/Index/kewentian,https://melee.gg/Decklist/View/b298cc2e-044b-4c5b-b519-b379004f8388,4.0,lcq_houston_10_17_2025
12,12,Utkarsh Koshti,W-U-B-G Goryo's Vengeance,"[3, 1, 0]","[6, 4, 0]",9,62.5,60.0,60.34632,MonopolyPro,https://melee.gg/Profile/Index/MonopolyPro,https://melee.gg/Decklist/View/01ca1906-df38-4d9e-9c04-b37900ed1ff0,4.0,lcq_houston_10_17_2025
13,13,avelazquez14,Azorius Midrange,"[3, 1, 0]","[6, 4, 0]",9,62.5,60.0,55.95238,avelazquez14,https://melee.gg/Profile/Index/avelazquez14,https://melee.gg/Decklist/View/c4e6cab0-1919-490a-9eef-b379003d6d5b,4.0,lcq_houston_10_17_2025
14,14,kkfc,W-U-R-G Domain,"[3, 1, 0]","[7, 3, 0]",9,57.5,70.0,50.79365,kkfc,https://melee.gg/Profile/Index/kkfc,https://melee.gg/Decklist/View/ec8aaee4-e933-41d8-9b5a-b379004aa6af,4.0,lcq_houston_10_17_2025
15,15,Daniel Qu,Esper Murktide,"[3, 1, 0]","[7, 4, 0]",9,57.5,63.63636,54.76191,dqu22,https://melee.gg/Profile/Index/dqu22,https://melee.gg/Decklist/View/7a9be83c-ce14-4a3b-8175-b3790053b3d8,4.0,lcq_houston_10_17_2025
16,16,rlodini,Colorless Eldrazi,"[3, 1, 0]","[7, 4, 0]",9,57.5,63.63636,52.60684,rlodini,https://melee.gg/Profile/Index/rlodini,https://melee.gg/Decklist/View/1d6014d7-425d-40f8-918c-b379005d4ac8,4.0,lcq_houston_10_17_2025
17,17,rmarti,W-U-R-G Aggro,"[2, 1, 0]","[4, 3, 0]",6,61.11111,57.14286,61.41414,rmarti,https://melee.gg/Profile/Index/rmarti,https://melee.gg/Decklist/View/728a5b46-6bbc-4c62-b46e-b37900e970e4,3.0,lcq_houston_10_17_2025
18,18,TheDevilsPalm,Azorius Midrange,"[2, 1, 0]","[4, 3, 0]",6,61.11111,57.14286,58.08081,TheDevilsPalm,https://melee.gg/Profile/Index/TheDevilsPalm,https://melee.gg/Decklist/View/e7ec56bc-c862-4fe1-9cce-b379006b4c94,3.0,lcq_houston_10_17_2025
19,19,Ranger392,Boros Aggro,"[2, 1, 0]","[4, 3, 0]",6,61.11111,57.14286,55.55556,Ranger392,https://melee.gg/Profile/Index/Ranger392,https://melee.gg/Decklist/View/67a30e01-0cae-49f6-a61a-b379007d0d60,3.0,lcq_houston_10_17_2025
20,20,Allie,Abzan Combo,"[2, 1, 0]","[3, 3, 0]",6,61.11111,50.0,61.11111,Allie,https://melee.gg/Profile/Index/Allie,https://melee.gg/Decklist/View/691e00d8-9b78-447a-80fa-b37900621b8a,3.0,lcq_houston_10_17_2025
21,21,Pedro Mocelin,Mono-Green Combo,"[2, 1, 0]","[5, 2, 0]",6,54.44444,71.42857,49.20635,Polukranos,https://melee.gg/Profile/Index/Polukranos,https://melee.gg/Decklist/View/0d31ac58-35c0-4194-8f20-b3710083cd1c,3.0,lcq_houston_10_17_2025
22,22,Ethan Root,Dimir Mill,"[2, 1, 0]","[4, 3, 0]",6,54.44444,57.14286,52.53968,narlon,https://melee.gg/Profile/Index/narlon,https://melee.gg/Decklist/View/789d1f19-47cc-4b16-b72b-b37900559997,3.0,lcq_houston_10_17_2025
23,23,William Clark,Izzet Prowess,"[2, 1, 0]","[5, 4, 0]",6,54.44444,55.55556,48.2906,Weird1009,https://melee.gg/Profile/Index/Weird1009,https://melee.gg/Decklist/View/3ca6bdab-8bc8-4c16-be95-b37900107385,3.0,lcq_houston_10_17_2025
24,24,Nicholas Sylvester,Jeskai Midrange,"[2, 1, 0]","[4, 4, 0]",6,54.44444,50.0,56.11111,Slyvester,https://melee.gg/Profile/Index/Slyvester,https://melee.gg/Decklist/View/4c034071-a1e4-4712-83f1-b3780167665c,3.0,lcq_houston_10_17_2025
25,25,derekhdino,Mono-Green Amulet Titan,"[2, 1, 0]","[5, 2, 0]",6,52.77778,71.42857,48.9899,derekhdino,https://melee.gg/Profile/Index/derekhdino,https://melee.gg/Decklist/View/a38a6fd9-64e1-4739-be7d-b37900eb0c93,3.0,lcq_houston_10_17_2025
26,26,MarB149,Mono-Green Amulet Titan,"[2, 1, 0]","[5, 2, 0]",6,52.77778,71.42857,47.77778,MarB149,https://melee.gg/Profile/Index/MarB149,https://melee.gg/Decklist/View/1195c524-ed76-4c96-91dc-b37900183ccb,3.0,lcq_houston_10_17_2025
27,27,AJ Dugan,Mono-Green Amulet Titan,"[2, 1, 0]","[5, 3, 0]",6,52.77778,62.5,47.77778,BulletBombFTW,https://melee.gg/Profile/Index/BulletBombFTW,https://melee.gg/Decklist/View/23e00e84-d546-497d-9a63-b37900576216,3.0,lcq_houston_10_17_2025
28,28,Steven Moerke,Colorless,"[2, 1, 0]","[4, 3, 0]",6,52.77778,57.14286,53.33333,SeawardObject9,https://melee.gg/Profile/Index/SeawardObject9,https://melee.gg/Decklist/View/d8d90ea8-c927-49b8-8e67-b379000ad1a7,3.0,lcq_houston_10_17_2025
29,29,TuckerH,Mono-Green Amulet Titan,"[2, 1, 0]","[4, 3, 0]",6,52.77778,57.14286,51.11111,TuckerH,https://melee.gg/Profile/Index/TuckerH,https://melee.gg/Decklist/View/13a37d10-9e02-41db-bb59-b379007089ae,3.0,lcq_houston_10_17_2025
30,30,Elijah Balter,Jeskai Control (Kaheera),"[2, 1, 0]","[4, 3, 0]",6,52.77778,57.14286,51.11111,ElijahBalter,https://melee.gg/Profile/Index/ElijahBalter,https://melee.gg/Decklist/View/3b2b500b-a098-4fc0-b102-b37900da3ad8,3.0,lcq_houston_10_17_2025
31,31,Nick Deriu,W-U-B-G Goryo's Vengeance,"[2, 1, 0]","[5, 4, 0]",6,52.77778,55.55556,52.32323,nickderiu,https://melee.gg/Profile/Index/nickderiu,https://melee.gg/Decklist/View/7dea880b-2b83-4070-b94b-b37900102a47,3.0,lcq_houston_10_17_2025
32,32,Logan Martin,Jeskai Control,"[2, 1, 0]","[5, 4, 0]",6,52.77778,55.55556,51.11111,Logansalad,https://melee.gg/Profile/Index/Logansalad,https://melee.gg/Decklist/View/bc6de0b4-4af1-4f32-91f4-b37900ea4e90,3.0,lcq_houston_10_17_2025
33,33,Matthewlg1,Mono-Blue Belcher,"[1, 1, 0]","[3, 2, 0]",3,66.66667,60.0,58.33333,Matthewlg1,https://melee.gg/Profile/Index/Matthewlg1,https://melee.gg/Decklist/View/85fa8edc-1862-4d4a-9393-b37900422aa8,2.0,lcq_houston_10_17_2025
34,34,Ryan Eliason,Abzan Combo,"[1, 1, 0]","[3, 2, 0]",3,66.66667,60.0,58.33333,Rainboweagle,https://melee.gg/Profile/Index/Rainboweagle,https://melee.gg/Decklist/View/e343090f-9155-4bf0-9a0c-b3790070ce23,2.0,lcq_houston_10_17_2025
35,35,Michael ðŸ¦ˆ Rodriguez,W-U-B-G Goryo's Vengeance,"[1, 1, 0]","[3, 2, 0]",3,66.66667,60.0,57.14286,GeneralSharky21,https://melee.gg/Profile/Index/GeneralSharky21,https://melee.gg/Decklist/View/434aed46-b9fa-4c4f-8249-b3750094b764,2.0,lcq_houston_10_17_2025
36,36,Louis Torrez,Jeskai Midrange,"[1, 1, 0]","[2, 3, 0]",3,66.66667,40.0,62.12121,lousir,https://melee.gg/Profile/Index/lousir,https://melee.gg/Decklist/View/8b4bb84b-97d2-4e98-b19f-b379001cf4c3,2.0,lcq_houston_10_17_2025
37,37,Bryce Bierman,Izzet Eldrazi,"[1, 1, 0]","[2, 3, 0]",3,66.66667,40.0,62.12121,BaitBiscuit,https://melee.gg/Profile/Index/BaitBiscuit,https://melee.gg/Decklist/View/9074b113-096b-436a-bb31-b3790024a2c3,2.0,lcq_houston_10_17_2025
38,38,Skylar Pegram,Gruul Aggro,"[1, 1, 0]","[3, 2, 0]",3,56.66667,60.0,47.4359,Purplesky,https://melee.gg/Profile/Index/Purplesky,https://melee.gg/Decklist/View/bb8ad5c9-92b2-4a6e-b4da-b379000c555b,2.0,lcq_houston_10_17_2025
39,39,doejurko,Boros Energy,"[1, 1, 0]","[3, 3, 0]",3,56.66667,50.0,48.80952,doejurko,https://melee.gg/Profile/Index/doejurko,https://melee.gg/Decklist/View/008e0667-7e4f-441e-b5a4-b378016b5811,2.0,lcq_houston_10_17_2025
40,40,Christian Olivarez,Colorless Eldrazi,"[1, 1, 0]","[3, 3, 0]",3,56.66667,50.0,48.80952,Redvortex2015,https://melee.gg/Profile/Index/Redvortex2015,https://melee.gg/Decklist/View/ca49085d-225e-40f9-9927-b37900e9c5f0,2.0,lcq_houston_10_17_2025
41,41,Jadey Davidson,Boros Energy,"[1, 1, 0]","[2, 3, 0]",3,56.66667,40.0,54.16667,JadeyDavidson,https://melee.gg/Profile/Index/JadeyDavidson,https://melee.gg/Decklist/View/23960afd-aac1-4cf5-8259-b37900eb448c,2.0,lcq_houston_10_17_2025
42,42,Alan Swan,Izzet Affinity,"[1, 1, 0]","[3, 2, 0]",3,54.16667,60.0,48.48485,swana422,https://melee.gg/Profile/Index/swana422,https://melee.gg/Decklist/View/b5e5fdd7-7cc7-47a4-ac3e-b37900d6e98d,2.0,lcq_houston_10_17_2025
43,43,Travis Willhard,Izzet Prowess,"[1, 1, 0]","[3, 2, 0]",3,54.16667,60.0,46.66667,Birdface,https://melee.gg/Profile/Index/Birdface,https://melee.gg/Decklist/View/cc4b6421-0d62-4740-86d7-b379005eec0d,2.0,lcq_houston_10_17_2025
44,44,Sockssb,Izzet Affinity,"[1, 1, 0]","[2, 2, 0]",3,54.16667,50.0,51.66667,Sockssb,https://melee.gg/Profile/Index/Sockssb,https://melee.gg/Decklist/View/ce672da8-2b69-472a-afcf-b3790065090c,2.0,lcq_houston_10_17_2025
45,45,Jack Hermsen,Gruul,"[1, 1, 0]","[3, 3, 0]",3,54.16667,50.0,50.0,TheBlueLep,https://melee.gg/Profile/Index/TheBlueLep,https://melee.gg/Decklist/View/87208608-1ba5-46b7-86af-b37900edbb01,2.0,lcq_houston_10_17_2025
46,46,Timothy Cobb,Abzan Birthing Ritual,"[1, 1, 0]","[3, 3, 0]",3,54.16667,50.0,48.48485,thec0bbler,https://melee.gg/Profile/Index/thec0bbler,https://melee.gg/Decklist/View/ca7f2255-a4f3-4c29-9043-b37900bc05b7,2.0,lcq_houston_10_17_2025
47,47,Clos10e,Golgari Yawgmoth,"[1, 1, 0]","[3, 3, 0]",3,54.16667,50.0,46.66667,Clos10e,https://melee.gg/Profile/Index/Clos10e,https://melee.gg/Decklist/View/480ca22e-3c86-40cd-9955-b37900b1be6b,2.0,lcq_houston_10_17_2025
48,48,Solidbear,Mono-Blue Belcher,"[1, 1, 0]","[3, 3, 0]",3,54.16667,50.0,46.66667,Solidbear,https://melee.gg/Profile/Index/Solidbear,https://melee.gg/Decklist/View/221882ef-6804-4f0d-a5f7-b379001ebb10,2.0,lcq_houston_10_17_2025
49,49,CMArebalo,Azorius Control (Kaheera),"[1, 1, 0]","[2, 2, 0]",3,54.16667,50.0,46.66667,CMArebalo,https://melee.gg/Profile/Index/CMArebalo,https://melee.gg/Decklist/View/da126724-28af-489e-bf5d-b37900d0e5af,2.0,lcq_houston_10_17_2025
50,50,Kyle McGee,Dimir Mill,"[1, 1, 0]","[2, 1, 0]",3,50.0,66.66667,41.66667,mox_mcgee95,https://melee.gg/Profile/Index/mox_mcgee95,https://melee.gg/Decklist/View/f2af6132-9fcd-4e32-a383-b379000e9257,2.0,lcq_houston_10_17_2025
51,51,christopher garcia,Simic Oculus,"[1, 1, 0]","[3, 2, 0]",3,50.0,60.0,45.2381,christurn2,https://melee.gg/Profile/Index/christurn2,https://melee.gg/Decklist/View/ba5bbac4-9cdb-4a0a-bc6b-b379004029ac,2.0,lcq_houston_10_17_2025
52,52,Sam Goldman,Izzet,"[1, 1, 0]","[3, 2, 0]",3,50.0,60.0,45.2381,Ssa00109,https://melee.gg/Profile/Index/Ssa00109,https://melee.gg/Decklist/View/0ec855e2-98fb-41e3-b27c-b379004f5665,2.0,lcq_houston_10_17_2025
53,53,Ivan Hoffman,Grixis Affinity,"[1, 1, 0]","[3, 2, 0]",3,50.0,60.0,45.2381,IvanPudje14,https://melee.gg/Profile/Index/IvanPudje14,https://melee.gg/Decklist/View/13354522-4f42-473b-8183-b378003ecb0c,2.0,lcq_houston_10_17_2025
54,54,Oliver Jan,W-U-B-G Goryo's Vengeance,"[1, 1, 0]","[3, 2, 0]",3,50.0,60.0,45.2381,janman,https://melee.gg/Profile/Index/janman,https://melee.gg/Decklist/View/7f76bddc-5391-40eb-8bb8-b37900dfe635,2.0,lcq_houston_10_17_2025
55,55,Jacob Dunlap,Azorius Hammer Time,"[1, 1, 0]","[3, 2, 0]",3,50.0,60.0,44.44444,Game_Night,https://melee.gg/Profile/Index/Game_Night,https://melee.gg/Decklist/View/e646509f-7dd3-4a27-b72f-b3780165c9f5,2.0,lcq_houston_10_17_2025
56,56,Talonflame23185,Izzet Prowess,"[1, 1, 0]","[3, 2, 0]",3,50.0,60.0,41.66667,Talonflame23185,https://melee.gg/Profile/Index/Talonflame23185,https://melee.gg/Decklist/View/6795e7bd-9431-4a9f-a1e0-b379005c8500,2.0,lcq_houston_10_17_2025
57,57,Kade Cantergiani,Izzet Affinity,"[1, 1, 0]","[2, 2, 0]",3,50.0,50.0,52.38095,kacantergiani,https://melee.gg/Profile/Index/kacantergiani,https://melee.gg/Decklist/View/aefb3aad-0a9e-4d1c-8fe1-b37801886822,2.0,lcq_houston_10_17_2025
58,58,Justen Kim,Mono-Green Amulet Titan,"[1, 1, 0]","[2, 2, 0]",3,50.0,50.0,52.38095,Gatatouille,https://melee.gg/Profile/Index/Gatatouille,https://melee.gg/Decklist/View/cb78064a-50a2-4d74-9f1b-b379004e7b40,2.0,lcq_houston_10_17_2025
59,59,Will Lowry,Izzet Affinity,"[1, 1, 0]","[2, 2, 0]",3,50.0,50.0,52.38095,Trivialriot,https://melee.gg/Profile/Index/Trivialriot,https://melee.gg/Decklist/View/ed2db155-6b30-416b-9337-b37900eca800,2.0,lcq_houston_10_17_2025
60,60,robert seder,Azorius (Kaheera),"[1, 1, 0]","[3, 3, 0]",3,50.0,50.0,47.91667,RobFromNewYork,https://melee.gg/Profile/Index/RobFromNewYork,https://melee.gg/Decklist/View/c32ea931-3be4-40e8-b6bb-b37900eb57bf,2.0,lcq_houston_10_17_2025
61,61,Michael Nguyen,Esper Midrange,"[1, 1, 0]","[2, 2, 0]",3,50.0,50.0,45.2381,Teshirn,https://melee.gg/Profile/Index/Teshirn,https://melee.gg/Decklist/View/f1e675fd-f26b-40d6-8bcd-b378005da71a,2.0,lcq_houston_10_17_2025
62,62,Alaw19,Mono-Blue Belcher,"[1, 1, 0]","[2, 2, 0]",3,50.0,50.0,45.2381,Alaw19,https://melee.gg/Profile/Index/Alaw19,https://melee.gg/Decklist/View/98df594f-71a1-4c60-b091-b37900eac0d0,2.0,lcq_houston_10_17_2025
63,63,Tiffany Nguyen,W-U-R-G Midrange,"[1, 1, 0]","[3, 3, 0]",3,50.0,50.0,44.44444,whatmakesyouhappier,https://melee.gg/Profile/Index/whatmakesyouhappier,https://melee.gg/Decklist/View/a5d1014b-3c90-420c-b485-b379003a95f4,2.0,lcq_houston_10_17_2025
64,64,aidensottile,W-U-B-G Goryo's Vengeance,"[1, 1, 0]","[3, 3, 0]",3,50.0,50.0,44.44444,aidensottile,https://melee.gg/Profile/Index/aidensottile,https://melee.gg/Decklist/View/7f1e8d39-a1d2-422b-aefe-b37900e6f4c6,2.0,lcq_houston_10_17_2025
65,65,Cory Ryan,Rakdos Midrange,"[0, 1, 0]","[1, 2, 0]",0,100.0,33.33333,66.66667,COMBOCORY,https://melee.gg/Profile/Index/COMBOCORY,https://melee.gg/Decklist/View/a19efd64-282d-4c0f-93a9-b37900134d63,1.0,lcq_houston_10_17_2025
66,66,Saqib Ahmad,Izzet Affinity,"[0, 1, 0]","[1, 2, 0]",0,100.0,33.33333,66.66667,sqquab,https://melee.gg/Profile/Index/sqquab,https://melee.gg/Decklist/View/2414db3a-a1b4-40b5-bdff-b379001e8f71,1.0,lcq_houston_10_17_2025
67,67,JudahS,W-U-B-G Goryo's Vengeance,"[0, 1, 0]","[1, 2, 0]",0,100.0,33.33333,66.66667,JudahS,https://melee.gg/Profile/Index/JudahS,https://melee.gg/Decklist/View/2d5732ef-0c10-48a3-b356-b37601815148,1.0,lcq_houston_10_17_2025
68,68,Jacob Watson,Simic Combo,"[0, 1, 0]","[1, 2, 0]",0,100.0,33.33333,66.66667,KingHebi,https://melee.gg/Profile/Index/KingHebi,https://melee.gg/Decklist/View/4e4ef4b3-847b-4417-9281-b37800015850,1.0,lcq_houston_10_17_2025
69,69,Tyson Roylance,Mono-Blue Eldrazi,"[0, 1, 0]","[1, 2, 0]",0,100.0,33.33333,66.66667,roylancety,https://melee.gg/Profile/Index/roylancety,https://melee.gg/Decklist/View/5f93c81e-78a8-46c3-867f-b3780130d28e,1.0,lcq_houston_10_17_2025
70,70,Tyler Bird,Gruul Eldrazi Ramp,"[0, 1, 0]","[1, 2, 0]",0,100.0,33.33333,66.66667,Hashbrowns,https://melee.gg/Profile/Index/Hashbrowns,https://melee.gg/Decklist/View/9e93a94d-468d-4eae-bcf4-b37900e45efa,1.0,lcq_houston_10_17_2025
71,71,Conner Hursh,W-U-R-G Domain,"[0, 1, 0]","[1, 2, 0]",0,100.0,33.33333,66.66667,ConnerHursh,https://melee.gg/Profile/Index/ConnerHursh,https://melee.gg/Decklist/View/7d40c3ef-ba68-4e73-9533-b379003b92ad,1.0,lcq_houston_10_17_2025
72,72,Brendan Hsu,W-U-B-G Goryo's Vengeance,"[0, 1, 0]","[1, 2, 0]",0,100.0,33.33333,66.66667,mahbad,https://melee.gg/Profile/Index/mahbad,https://melee.gg/Decklist/View/7653211f-ed6f-4fed-b144-b37900508eb6,1.0,lcq_houston_10_17_2025
73,73,NyleZafar,Colorless,"[0, 1, 0]","[1, 2, 0]",0,100.0,33.33333,66.66667,NyleZafar,https://melee.gg/Profile/Index/NyleZafar,https://melee.gg/Decklist/View/ff200e7e-4c83-46e8-acd8-b37900643c9e,1.0,lcq_houston_10_17_2025
74,74,Karl Maahs,Colorless Control,"[0, 1, 0]","[1, 2, 0]",0,100.0,33.33333,66.66667,Karlmaahs,https://melee.gg/Profile/Index/Karlmaahs,https://melee.gg/Decklist/View/34bee9d6-50ca-45bf-a7c0-b37900512258,1.0,lcq_houston_10_17_2025
75,75,Wentong Zhang,Jeskai Control,"[0, 1, 0]","[1, 2, 0]",0,100.0,33.33333,66.66667,greensteg,https://melee.gg/Profile/Index/greensteg,https://melee.gg/Decklist/View/c3cb640a-2d25-4a81-a9f1-b37900626bfe,1.0,lcq_houston_10_17_2025
76,76,WL,W-U-B-G Goryo's Vengeance,"[0, 1, 0]","[1, 2, 0]",0,100.0,33.33333,66.66667,WL,https://melee.gg/Profile/Index/WL,https://melee.gg/Decklist/View/e4a5e42b-2c68-45b2-ace8-b37900733fb6,1.0,lcq_houston_10_17_2025
77,77,Donovan Day,Esper Blink,"[0, 1, 0]","[1, 2, 0]",0,100.0,33.33333,66.66667,DDay99,https://melee.gg/Profile/Index/DDay99,https://melee.gg/Decklist/View/1932bc40-b6e1-427f-81bc-b37900b92730,1.0,lcq_houston_10_17_2025
78,78,Jeffrey Chen,Colorless Eldrazi,"[0, 1, 0]","[1, 2, 0]",0,100.0,33.33333,66.66667,leafpanda,https://melee.gg/Profile/Index/leafpanda,https://melee.gg/Decklist/View/5c584faa-c596-4fe0-8254-b37900dd8883,1.0,lcq_houston_10_17_2025
79,79,aEsco,W-U-B-G Goryo's Vengeance,"[0, 1, 0]","[1, 2, 0]",0,100.0,33.33333,66.66667,aEsco,https://melee.gg/Profile/Index/aEsco,https://melee.gg/Decklist/View/a119b0d5-32e2-4de0-9ad3-b37900e07793,1.0,lcq_houston_10_17_2025
80,80,Jeffery Theobald,Mono-Green Amulet Titan,"[0, 1, 0]","[1, 2, 0]",0,100.0,33.33333,66.66667,bigjeff72,https://melee.gg/Profile/Index/bigjeff72,https://melee.gg/Decklist/View/a532cd19-4e72-4510-a82b-b37900e502bc,1.0,lcq_houston_10_17_2025
81,81,Thang Dang,W-U-R-G Domain Zoo,"[0, 1, 0]","[1, 2, 0]",0,100.0,33.33333,66.66667,tdang,https://melee.gg/Profile/Index/tdang,https://melee.gg/Decklist/View/e3415b62-4c4c-46ee-8654-b37900e7edc5,1.0,lcq_houston_10_17_2025
82,82,ZekeZeller,Mono-Green Amulet Titan,"[0, 1, 0]","[1, 2, 0]",0,100.0,33.33333,66.66667,ZekeZeller,https://melee.gg/Profile/Index/ZekeZeller,https://melee.gg/Decklist/View/07519f99-d3ae-49e3-964d-b37900e9b0da,1.0,lcq_houston_10_17_2025
83,83,Jason Herren,Izzet Prowess,"[0, 1, 0]","[1, 2, 0]",0,100.0,33.33333,66.66667,ChesterCheetah,https://melee.gg/Profile/Index/ChesterCheetah,https://melee.gg/Decklist/View/2b998622-ac60-4d82-abe5-b37900ea0196,1.0,lcq_houston_10_17_2025
84,84,Luis Vasquez,Colorless Eldrazi,"[0, 1, 0]","[1, 2, 0]",0,100.0,33.33333,66.66667,wicho1213,https://melee.gg/Profile/Index/wicho1213,https://melee.gg/Decklist/View/81bfa9f6-3271-4483-84a0-b37900ea2d1f,1.0,lcq_houston_10_17_2025
85,85,mgray24,Mono-Green Amulet Titan,"[0, 1, 0]","[1, 2, 0]",0,100.0,33.33333,66.66667,mgray24,https://melee.gg/Profile/Index/mgray24,https://melee.gg/Decklist/View/091d0ba1-b576-4797-a063-b37900eaded9,1.0,lcq_houston_10_17_2025
86,86,Colton Haas,Mono-Green Amulet Titan,"[0, 1, 0]","[1, 2, 0]",0,100.0,33.33333,66.66667,ApoIIo,https://melee.gg/Profile/Index/ApoIIo,https://melee.gg/Decklist/View/7272c274-c747-4d30-8415-b37900ee24a7,1.0,lcq_houston_10_17_2025
87,87,Austin Deceder,Mono-Blue Belcher,"[0, 1, 0]","[1, 2, 0]",0,100.0,33.33333,66.66667,Deceder,https://melee.gg/Profile/Index/Deceder,https://melee.gg/Decklist/View/ee99238e-53b9-4ca9-a8be-b37900eb497b,1.0,lcq_houston_10_17_2025
88,88,Newton Cheng,Mono-Green Amulet Titan,"[0, 1, 0]","[1, 2, 0]",0,100.0,33.33333,66.66667,noots,https://melee.gg/Profile/Index/noots,https://melee.gg/Decklist/View/4ba02ea5-fde9-4527-81a0-b37900eb648f,1.0,lcq_houston_10_17_2025
89,89,YNG_K0Bur,Mono-Green Amulet Titan,"[0, 1, 0]","[1, 2, 0]",0,100.0,33.33333,66.66667,YNG_K0Bur,https://melee.gg/Profile/Index/YNG_K0Bur,https://melee.gg/Decklist/View/86d93132-a637-4fe3-87af-b37900eb6914,1.0,lcq_houston_10_17_2025
90,90,cbilleaud00,Mono-Blue Belcher,"[0, 1, 0]","[0, 2, 0]",0,100.0,0.0,100.0,cbilleaud00,https://melee.gg/Profile/Index/cbilleaud00,https://melee.gg/Decklist/View/a51e1d4a-e81f-4928-b873-b37900e7abf6,1.0,lcq_houston_10_17_2025
91,91,Benjamin Poe,Colorless Eldrazi,"[0, 1, 0]","[0, 2, 0]",0,100.0,0.0,100.0,Poeseph,https://melee.gg/Profile/Index/Poeseph,https://melee.gg/Decklist/View/6fae8af6-d693-440a-9f9d-b3770155b92b,1.0,lcq_houston_10_17_2025
92,92,Nicholas Jackson,Izzet Affinity,"[0, 1, 0]","[0, 2, 0]",0,100.0,0.0,100.0,Gootloblin,https://melee.gg/Profile/Index/Gootloblin,https://melee.gg/Decklist/View/78ee973a-3f0e-48d1-b604-b36d01522766,1.0,lcq_houston_10_17_2025
93,93,David Forrest,Izzet Affinity,"[0, 1, 0]","[0, 2, 0]",0,100.0,0.0,100.0,DavlorTheGreat,https://melee.gg/Profile/Index/DavlorTheGreat,https://melee.gg/Decklist/View/5858d12c-e9d3-416a-812f-b377013540ba,1.0,lcq_houston_10_17_2025
94,94,Ronnie Newman,Boros Burn,"[0, 1, 0]","[0, 2, 0]",0,100.0,0.0,100.0,roninthebox,https://melee.gg/Profile/Index/roninthebox,https://melee.gg/Decklist/View/3c4499d4-9a14-429c-8f87-b37500cb399a,1.0,lcq_houston_10_17_2025
95,95,Eric Lee,Esper,"[0, 1, 0]","[0, 2, 0]",0,100.0,0.0,100.0,MCDomo,https://melee.gg/Profile/Index/MCDomo,https://melee.gg/Decklist/View/f5363022-33e7-4d11-97bf-b379004c977f,1.0,lcq_houston_10_17_2025
96,96,Robert Talley,Azorius,"[0, 1, 0]","[0, 2, 0]",0,100.0,0.0,100.0,rctalley,https://melee.gg/Profile/Index/rctalley,https://melee.gg/Decklist/View/d648e20d-cd9c-475f-a1cb-b37700531d0c,1.0,lcq_houston_10_17_2025
97,97,Ian Jackson,Izzet Prowess,"[0, 1, 0]","[0, 2, 0]",0,100.0,0.0,100.0,Bozo2112,https://melee.gg/Profile/Index/Bozo2112,https://melee.gg/Decklist/View/19d0a1c0-7d94-4d7f-9ff0-b379006e77d6,1.0,lcq_houston_10_17_2025
98,98,lancerm4,Mono-Green Amulet Titan,"[0, 1, 0]","[0, 2, 0]",0,100.0,0.0,100.0,lancerm4,https://melee.gg/Profile/Index/lancerm4,https://melee.gg/Decklist/View/99cbf5ae-980b-43ba-8dfa-b379002ce71e,1.0,lcq_houston_10_17_2025
99,99,Blake Mcaleavey,W-U-B-G Goryo's Vengeance,"[0, 1, 0]","[0, 2, 0]",0,100.0,0.0,100.0,Blakemcaleavey,https://melee.gg/Profile/Index/Blakemcaleavey,https://melee.gg/Decklist/View/14a6e883-d644-4257-a057-b379004e89e1,1.0,lcq_houston_10_17_2025
100,100,Pablo Vera,Izzet Prowess,"[0, 1, 0]","[0, 2, 0]",0,100.0,0.0,100.0,Pabs,https://melee.gg/Profile/Index/Pabs,https://melee.gg/Decklist/View/98c12210-0593-4bd7-8d6f-b3780118f424,1.0,lcq_houston_10_17_2025
101,101,Jack Scacco,Mono-Green,"[0, 1, 0]","[0, 2, 0]",0,100.0,0.0,100.0,henhen3000,https://melee.gg/Profile/Index/henhen3000,https://melee.gg/Decklist/View/3336f610-ab04-4e13-b875-b37900e28bdf,1.0,lcq_houston_10_17_2025
102,102,Jay Wilson,Jeskai Control,"[0, 1, 0]","[0, 2, 0]",0,100.0,0.0,100.0,Jayskills,https://melee.gg/Profile/Index/Jayskills,https://melee.gg/Decklist/View/9af9f080-94cc-4fc6-bcdc-b379007b45d9,1.0,lcq_houston_10_17_2025
103,103,James Spinelli,Simic Amulet Titan,"[0, 1, 0]","[0, 2, 0]",0,100.0,0.0,100.0,YGGORF25,https://melee.gg/Profile/Index/YGGORF25,https://melee.gg/Decklist/View/7c26e5fa-94ee-4b92-8fab-b379000c297e,1.0,lcq_houston_10_17_2025
104,104,Jonathan Hobbs,Esper,"[0, 1, 0]","[0, 2, 0]",0,100.0,0.0,100.0,jononline22,https://melee.gg/Profile/Index/jononline22,https://melee.gg/Decklist/View/9517da53-6f4a-4364-a70f-b3790040c3a2,1.0,lcq_houston_10_17_2025
105,105,Manuel Valero,Selesnya Midrange,"[0, 1, 0]","[0, 2, 0]",0,100.0,0.0,100.0,mv258,https://melee.gg/Profile/Index/mv258,https://melee.gg/Decklist/View/7397cba0-86db-42c1-9f3d-b379004b1649,1.0,lcq_houston_10_17_2025
106,106,Jau-En Shih,Azorius Mill,"[0, 1, 0]","[0, 2, 0]",0,100.0,0.0,100.0,ClarkShih,https://melee.gg/Profile/Index/ClarkShih,https://melee.gg/Decklist/View/a48e6e8f-fdfa-47ff-8591-b379004cff9a,1.0,lcq_houston_10_17_2025
107,107,luccarizzi,Izzet Affinity,"[0, 1, 0]","[0, 2, 0]",0,100.0,0.0,100.0,luccarizzi,https://melee.gg/Profile/Index/luccarizzi,https://melee.gg/Decklist/View/d4497510-87cf-4ae5-93c9-b379004d43bd,1.0,lcq_houston_10_17_2025
108,108,ZuE8907,Boros Burn,"[0, 1, 0]","[0, 2, 0]",0,100.0,0.0,100.0,ZuE8907,https://melee.gg/Profile/Index/ZuE8907,https://melee.gg/Decklist/View/04e62965-fdb7-4039-add5-b379004fe90e,1.0,lcq_houston_10_17_2025
109,109,Trey Ellingson,W-U-R-G Domain,"[0, 1, 0]","[0, 2, 0]",0,100.0,0.0,100.0,Tanarius,https://melee.gg/Profile/Index/Tanarius,https://melee.gg/Decklist/View/af356784-cab6-421a-942c-b3790069094f,1.0,lcq_houston_10_17_2025
110,110,Nigel Hagley,Mono-Green Amulet Titan,"[0, 1, 0]","[0, 2, 0]",0,100.0,0.0,100.0,VampireDiaries,https://melee.gg/Profile/Index/VampireDiaries,https://melee.gg/Decklist/View/db043e84-718d-483c-ac33-b379006dcf29,1.0,lcq_houston_10_17_2025
111,111,Kacimutt,Colorless Eldrazi,"[0, 1, 0]","[0, 2, 0]",0,100.0,0.0,100.0,Kacimutt,https://melee.gg/Profile/Index/Kacimutt,https://melee.gg/Decklist/View/5ba95b2e-3b88-4212-a050-b379006c1b14,1.0,lcq_houston_10_17_2025
112,112,Charles Richmond,W-U-B-G Goryo's Vengeance,"[0, 1, 0]","[0, 2, 0]",0,100.0,0.0,100.0,Cjrich87,https://melee.gg/Profile/Index/Cjrich87,https://melee.gg/Decklist/View/e99e3a75-cda4-47d3-ac73-b379006ec3de,1.0,lcq_houston_10_17_2025
113,113,ChaR8,Mono-Red Belcher,"[0, 1, 0]","[0, 2, 0]",0,100.0,0.0,100.0,ChaR8,https://melee.gg/Profile/Index/ChaR8,https://melee.gg/Decklist/View/1fd76e62-9728-45d4-99ec-b37900c3d1e8,1.0,lcq_houston_10_17_2025
114,114,SamBrown,Sultai Midrange,"[0, 1, 0]","[0, 2, 0]",0,100.0,0.0,100.0,SamBrown,https://melee.gg/Profile/Index/SamBrown,https://melee.gg/Decklist/View/39ab8d54-0ce4-42fd-9eed-b37900c826df,1.0,lcq_houston_10_17_2025
115,115,Edgar Luna,Mono-Red Storm,"[0, 1, 0]","[0, 2, 0]",0,100.0,0.0,100.0,ELuna52,https://melee.gg/Profile/Index/ELuna52,https://melee.gg/Decklist/View/1215ccaa-9dae-4b1d-bd1f-b37900d4398d,1.0,lcq_houston_10_17_2025
116,116,drpete4700,Izzet Prowess,"[0, 1, 0]","[0, 2, 0]",0,100.0,0.0,100.0,drpete4700,https://melee.gg/Profile/Index/drpete4700,https://melee.gg/Decklist/View/8e14f614-fb08-4ee0-bcc5-b37900dfdd5a,1.0,lcq_houston_10_17_2025
117,117,bmharwell,Boros,"[0, 1, 0]","[0, 2, 0]",0,100.0,0.0,100.0,bmharwell,https://melee.gg/Profile/Index/bmharwell,https://melee.gg/Decklist/View/c79735c9-ce87-41a5-94a2-b37900dfc01f,1.0,lcq_houston_10_17_2025
118,118,Chad Leiske,Jeskai Midrange,"[0, 1, 0]","[0, 2, 0]",0,100.0,0.0,100.0,chadleiske,https://melee.gg/Profile/Index/chadleiske,https://melee.gg/Decklist/View/e31ed389-9300-40b0-aadd-b37900e18353,1.0,lcq_houston_10_17_2025
119,119,Matthew Richter,Boros Energy,"[0, 1, 0]","[0, 2, 0]",0,100.0,0.0,100.0,itsthtguy,https://melee.gg/Profile/Index/itsthtguy,https://melee.gg/Decklist/View/ee71b8c4-875d-46c0-8353-b37900e1a4e3,1.0,lcq_houston_10_17_2025
120,120,Nathan Choi,Jeskai Blink,"[0, 1, 0]","[0, 2, 0]",0,100.0,0.0,100.0,Bok_Choy,https://melee.gg/Profile/Index/Bok_Choy,https://melee.gg/Decklist/View/b21d06f2-b818-4f08-a1d9-b37900e3aded,1.0,lcq_houston_10_17_2025
121,121,Jackson McMillan,Simic Neoform,"[0, 1, 0]","[0, 2, 0]",0,100.0,0.0,100.0,JacksonMcMillan,https://melee.gg/Profile/Index/JacksonMcMillan,https://melee.gg/Decklist/View/850ff639-a9de-470e-8663-b37900e4c60e,1.0,lcq_houston_10_17_2025
122,122,Micah Workman,Colorless Eldrazi,"[0, 1, 0]","[0, 2, 0]",0,100.0,0.0,100.0,Mworkman95,https://melee.gg/Profile/Index/Mworkman95,https://melee.gg/Decklist/View/003d2882-0fca-42da-aba9-b37900e5aeeb,1.0,lcq_houston_10_17_2025
123,123,John Bruce,Mono-Red Control,"[0, 1, 0]","[0, 2, 0]",0,100.0,0.0,100.0,Pipdiddlypopdoop,https://melee.gg/Profile/Index/Pipdiddlypopdoop,https://melee.gg/Decklist/View/d9908157-ca22-4662-90e7-b37900e9c9b9,1.0,lcq_houston_10_17_2025
124,124,Andres Vilchez,Izzet Prowess,"[0, 1, 0]","[0, 2, 0]",0,100.0,0.0,100.0,slayer,https://melee.gg/Profile/Index/slayer,https://melee.gg/Decklist/View/824ea62f-24f7-4cff-80c4-b37900ea5a65,1.0,lcq_houston_10_17_2025
125,125,Matthew Takahashi,Izzet Prowess,"[0, 1, 0]","[0, 2, 0]",0,100.0,0.0,100.0,ProfKarasu,https://melee.gg/Profile/Index/ProfKarasu,https://melee.gg/Decklist/View/6ca68a82-9062-4221-b876-b37900eb44e9,1.0,lcq_houston_10_17_2025
126,126,GLP,Izzet,"[0, 1, 0]","[0, 2, 0]",0,100.0,0.0,100.0,GLP,https://melee.gg/Profile/Index/GLP,https://melee.gg/Decklist/View/f27caf6e-f852-4d9f-9609-b37900eb8f63,1.0,lcq_houston_10_17_2025
